<?xml version="1.0" encoding="UTF-8"?>

<!-- * PopulateDatabase.xml * * Copyright (C) 2017 Universidad de Sevilla 
	* * The use of this project is hereby constrained to the conditions of the 
	* TDG Licence, a copy of which you may download from * http://www.tdg-seville.info/License.html -->

<beans xmlns="http://www.springframework.org/schema/beans"
	xmlns:xsi="http://www.w3.org/2001/XMLSchema-instance"
	xsi:schemaLocation="
		http://www.springframework.org/schema/beans http://www.springframework.org/schema/beans/spring-beans.xsd">
		
	<!-- configurationSystem -->

	<bean id="configurationSystem" class="domain.ConfigurationSystem">
		<property name="VAT" value="0.21" />
		<property name="banner" value="http://creek-tours.com/wp-content/uploads/Kenya-Tanzania-Family-Safari-banner.jpg" />
		<property name="spamWords">
			<list>
				<value>viagra</value>
				<value>cialis</value>
				<value>sex</value>
				<value>jes extender</value>
			</list>
		</property>
		<property name="welcomeMessages">
			<list>
				<value>Tanzanika is an adven-ture company that makes your explorer’s dreams true</value>
				<value>Tanzanika es la empresa de aven-turas que hará tus sueños de explorador realidad</value>
			</list>
		</property>
	</bean>

	<!-- User accounts -->

	<bean id="userAccountAdmin1" class="security.UserAccount">
		<property name="username" value="administrator1" />
		<property name="password" value="21232f297a57a5a743894a0e4a801fc3" />
		<property name="authorities">
			<list>
				<bean class="security.Authority">
					<property name="authority" value="ADMINISTRATOR" />
				</bean>
			</list>
		</property>
	</bean>

	<bean id="userAccountAdmin2" class="security.UserAccount">
		<property name="username" value="administrator2" />
		<property name="password" value="21232f297a57a5a743894a0e4a801fc3" />
		<property name="authorities">
			<list>
				<bean class="security.Authority">
					<property name="authority" value="ADMINISTRATOR" />
				</bean>
			</list>
		</property>
	</bean>

	<bean id="userAccountAdmin3" class="security.UserAccount">
		<property name="username" value="administrator3" />
		<property name="password" value="21232f297a57a5a743894a0e4a801fc3" />
		<property name="authorities">
			<list>
				<bean class="security.Authority">
					<property name="authority" value="ADMINISTRATOR" />
				</bean>
			</list>
		</property>
	</bean>

	<bean id="userAccountAdmin4" class="security.UserAccount">
		<property name="username" value="administrator4" />
		<property name="password" value="21232f297a57a5a743894a0e4a801fc3" />
		<property name="authorities">
			<list>
				<bean class="security.Authority">
					<property name="authority" value="ADMINISTRATOR" />
				</bean>
			</list>
		</property>
	</bean>

	<bean id="userAccountAdmin5" class="security.UserAccount">
		<property name="username" value="administrator5" />
		<property name="password" value="21232f297a57a5a743894a0e4a801fc3" />
		<property name="authorities">
			<list>
				<bean class="security.Authority">
					<property name="authority" value="ADMINISTRATOR" />
				</bean>
			</list>
		</property>
	</bean>


	<bean id="userAccountManager1" class="security.UserAccount">
		<property name="username" value="manager 1" />
		<property name="password" value="1d0258c2440a8d19e716292b231e3190" />
		<property name="authorities">
			<list>
				<bean class="security.Authority">
					<property name="authority" value="MANAGER" />
				</bean>
			</list>
		</property>
	</bean>

	<bean id="userAccountManager2" class="security.UserAccount">
		<property name="username" value="manager 2" />
		<property name="password" value="1d0258c2440a8d19e716292b231e3190" />
		<property name="authorities">
			<list>
				<bean class="security.Authority">
					<property name="authority" value="MANAGER" />
				</bean>
			</list>
		</property>
	</bean>

	<bean id="userAccountManager3" class="security.UserAccount">
		<property name="username" value="manager 3" />
		<property name="password" value="1d0258c2440a8d19e716292b231e3190" />
		<property name="authorities">
			<list>
				<bean class="security.Authority">
					<property name="authority" value="MANAGER" />
				</bean>
			</list>
		</property>
	</bean>

	<bean id="userAccountManager4" class="security.UserAccount">
		<property name="username" value="manager 4" />
		<property name="password" value="1d0258c2440a8d19e716292b231e3190" />
		<property name="authorities">
			<list>
				<bean class="security.Authority">
					<property name="authority" value="MANAGER" />
				</bean>
			</list>
		</property>
	</bean>

	<bean id="userAccountManager5" class="security.UserAccount">
		<property name="username" value="manager 5" />
		<property name="password" value="1d0258c2440a8d19e716292b231e3190" />
		<property name="authorities">
			<list>
				<bean class="security.Authority">
					<property name="authority" value="MANAGER" />
				</bean>
			</list>
		</property>
	</bean>

	<bean id="userAccountRanger1" class="security.UserAccount">
		<property name="username" value="ranger 1" />
		<property name="password" value="ad92694923612da0600d7be498cc2e08" />
		<property name="authorities">
			<list>
				<bean class="security.Authority">
					<property name="authority" value="RANGER" />
				</bean>
			</list>
		</property>
	</bean>

	<bean id="userAccountRanger2" class="security.UserAccount">
		<property name="username" value="ranger 2" />
		<property name="password" value="ad92694923612da0600d7be498cc2e08" />
		<property name="authorities">
			<list>
				<bean class="security.Authority">
					<property name="authority" value="RANGER" />
				</bean>
			</list>
		</property>
	</bean>

	<bean id="userAccountRanger3" class="security.UserAccount">
		<property name="username" value="ranger 3" />
		<property name="password" value="ad92694923612da0600d7be498cc2e08" />
		<property name="authorities">
			<list>
				<bean class="security.Authority">
					<property name="authority" value="RANGER" />
				</bean>
			</list>
		</property>
	</bean>

	<bean id="userAccountRanger4" class="security.UserAccount">
		<property name="username" value="ranger 4" />
		<property name="password" value="ad92694923612da0600d7be498cc2e08" />
		<property name="authorities">
			<list>
				<bean class="security.Authority">
					<property name="authority" value="RANGER" />
				</bean>
			</list>
		</property>
	</bean>

	<bean id="userAccountRanger5" class="security.UserAccount">
		<property name="username" value="ranger 5" />
		<property name="password" value="ad92694923612da0600d7be498cc2e08" />
		<property name="authorities">
			<list>
				<bean class="security.Authority">
					<property name="authority" value="RANGER" />
				</bean>
			</list>
		</property>
	</bean>

	<bean id="userAccountSponsor1" class="security.UserAccount">
		<property name="username" value="sponsor 1" />
		<property name="password" value="08391c959fc8bd0b672c596c4d6bcdcd" />
		<property name="authorities">
			<list>
				<bean class="security.Authority">
					<property name="authority" value="SPONSOR" />
				</bean>
			</list>
		</property>
	</bean>

	<bean id="userAccountSponsor2" class="security.UserAccount">
		<property name="username" value="sponsor 2" />
		<property name="password" value="08391c959fc8bd0b672c596c4d6bcdcd" />
		<property name="authorities">
			<list>
				<bean class="security.Authority">
					<property name="authority" value="SPONSOR" />
				</bean>
			</list>
		</property>
	</bean>

	<bean id="userAccountSponsor3" class="security.UserAccount">
		<property name="username" value="sponsor 3" />
		<property name="password" value="08391c959fc8bd0b672c596c4d6bcdcd" />
		<property name="authorities">
			<list>
				<bean class="security.Authority">
					<property name="authority" value="SPONSOR" />
				</bean>
			</list>
		</property>
	</bean>

	<bean id="userAccountSponsor4" class="security.UserAccount">
		<property name="username" value="sponsor 4" />
		<property name="password" value="08391c959fc8bd0b672c596c4d6bcdcd" />
		<property name="authorities">
			<list>
				<bean class="security.Authority">
					<property name="authority" value="SPONSOR" />
				</bean>
			</list>
		</property>
	</bean>

	<bean id="userAccountSponsor5" class="security.UserAccount">
		<property name="username" value="sponsor 5" />
		<property name="password" value="08391c959fc8bd0b672c596c4d6bcdcd" />
		<property name="authorities">
			<list>
				<bean class="security.Authority">
					<property name="authority" value="SPONSOR" />
				</bean>
			</list>
		</property>
	</bean>




	<bean id="userAccountAuditor1" class="security.UserAccount">
		<property name="username" value="auditor 1" />
		<property name="password" value="f7d07071ed9431ecae3a8d45b4c82bb2" />
		<property name="authorities">
			<list>
				<bean class="security.Authority">
					<property name="authority" value="AUDITOR" />
				</bean>
			</list>
		</property>
	</bean>


	<bean id="userAccountAuditor2" class="security.UserAccount">
		<property name="username" value="auditor 2" />
		<property name="password" value="f7d07071ed9431ecae3a8d45b4c82bb2" />
		<property name="authorities">
			<list>
				<bean class="security.Authority">
					<property name="authority" value="AUDITOR" />
				</bean>
			</list>
		</property>
	</bean>

	<bean id="userAccountAuditor3" class="security.UserAccount">
		<property name="username" value="auditor 3" />
		<property name="password" value="f7d07071ed9431ecae3a8d45b4c82bb2" />
		<property name="authorities">
			<list>
				<bean class="security.Authority">
					<property name="authority" value="AUDITOR" />
				</bean>
			</list>
		</property>
	</bean>

	<bean id="userAccountAuditor4" class="security.UserAccount">
		<property name="username" value="auditor 4" />
		<property name="password" value="f7d07071ed9431ecae3a8d45b4c82bb2" />
		<property name="authorities">
			<list>
				<bean class="security.Authority">
					<property name="authority" value="AUDITOR" />
				</bean>
			</list>
		</property>
	</bean>

	<bean id="userAccountAuditor5" class="security.UserAccount">
		<property name="username" value="auditor 5" />
		<property name="password" value="f7d07071ed9431ecae3a8d45b4c82bb2" />
		<property name="authorities">
			<list>
				<bean class="security.Authority">
					<property name="authority" value="AUDITOR" />
				</bean>
			</list>
		</property>
	</bean>


	<bean id="userAccountExplorer1" class="security.UserAccount">
		<property name="username" value="explorer 1" />
		<property name="password" value="09e592c4a21a21b39f22aa7d7170f162" />
		<property name="authorities">
			<list>
				<bean class="security.Authority">
					<property name="authority" value="EXPLORER" />
				</bean>
			</list>
		</property>
	</bean>

	<bean id="userAccountExplorer2" class="security.UserAccount">
		<property name="username" value="explorer 2" />
		<property name="password" value="09e592c4a21a21b39f22aa7d7170f162" />
		<property name="authorities">
			<list>
				<bean class="security.Authority">
					<property name="authority" value="EXPLORER" />
				</bean>
			</list>
		</property>
	</bean>

	<bean id="userAccountExplorer3" class="security.UserAccount">
		<property name="username" value="explorer 3" />
		<property name="password" value="09e592c4a21a21b39f22aa7d7170f162" />
		<property name="authorities">
			<list>
				<bean class="security.Authority">
					<property name="authority" value="EXPLORER" />
				</bean>
			</list>
		</property>
	</bean>

	<bean id="userAccountExplorer4" class="security.UserAccount">
		<property name="username" value="explorer 4" />
		<property name="password" value="09e592c4a21a21b39f22aa7d7170f162" />
		<property name="authorities">
			<list>
				<bean class="security.Authority">
					<property name="authority" value="EXPLORER" />
				</bean>
			</list>
		</property>
	</bean>

	<bean id="userAccountExplorer5" class="security.UserAccount">
		<property name="username" value="explorer 5" />
		<property name="password" value="09e592c4a21a21b39f22aa7d7170f162" />
		<property name="authorities">
			<list>
				<bean class="security.Authority">
					<property name="authority" value="EXPLORER" />
				</bean>
			</list>
		</property>
	</bean>

	<bean id="userAccountExplorer6" class="security.UserAccount">
		<property name="username" value="explorer 6" />
		<property name="password" value="09e592c4a21a21b39f22aa7d7170f162" />
		<property name="authorities">
			<list>
				<bean class="security.Authority">
					<property name="authority" value="EXPLORER" />
				</bean>
			</list>
		</property>
	</bean>
	<!-- Messages -->

	<bean id="message1" class="domain.Message">
		<property name="moment" value="2017/10/01 15:20" />
		<property name="subject" value="subject 1" />
		<property name="body" value="body 1" />
		<property name="priority" value="HIGH" />
		<property name="messageFolder" ref="messageFolder1" />
		<property name="sender" ref="administrator1" />
		<property name="recipient" ref="administrator2" />
	</bean>

	<bean id="message2" class="domain.Message">
		<property name="moment" value="2017/10/01 15:25" />
		<property name="subject" value="subject 2" />
		<property name="body" value="body 2" />
		<property name="priority" value="HIGH" />
		<property name="messageFolder" ref="messageFolder3" />
		<property name="sender" ref="auditor1" />
		<property name="recipient" ref="auditor2" />
	</bean>


	<!-- MessageFolder -->

	<bean id="messageFolder1" class="domain.MessageFolder">
		<property name="name" value="folder 1" />
		<property name="modifiable" value="false" />
		<property name="messages">
			<list>
				<ref bean="message1" />
			</list>
		</property>
	</bean>

	<bean id="messageFolder2" class="domain.MessageFolder">
		<property name="name" value="folder 2" />
		<property name="modifiable" value="false" />
		<property name="messages">
			<list>
				<ref bean="message1" />
			</list>
		</property>
	</bean>

	<bean id="messageFolder3" class="domain.MessageFolder">
		<property name="name" value="folder 3" />
		<property name="modifiable" value="false" />
		<property name="messages">
			<list>
				<ref bean="message2" />
			</list>
		</property>
	</bean>

	<bean id="messageFolder4" class="domain.MessageFolder">
		<property name="name" value="folder 4" />
		<property name="modifiable" value="false" />
		<property name="messages">
			<list>
				<ref bean="message2" />
			</list>
		</property>
	</bean>

	<bean id="messageFolder5" class="domain.MessageFolder">
		<property name="name" value="folder 4" />
		<property name="modifiable" value="false" />
		<property name="messages">
			<list>
				<ref bean="message2" />
			</list>
		</property>
	</bean>


	<!-- SocialIdentity -->


	<!-- SocialIdentity -->
	<bean id="socialIdentityAdmin1" class="domain.SocialIdentity">
		<property name="nick" value="nickadmin1" />
		<property name="name" value="identityadmin 1" />
		<property name="link" value="http://www.sample.com" />
		<property name="photo" value="http://www.sample.com" />
	</bean>

	<bean id="socialIdentityAdmin2" class="domain.SocialIdentity">
		<property name="nick" value="nickadmin2" />
		<property name="name" value="identityadmin 2" />
		<property name="link" value="http://www.sample.com" />
		<property name="photo" value="http://www.sample.com" />
	</bean>

	<bean id="socialIdentityAdmin3" class="domain.SocialIdentity">
		<property name="nick" value="nickadmin3" />
		<property name="name" value="identityadmin 3" />
		<property name="link" value="http://www.sample.com" />
		<property name="photo" value="http://www.sample.com" />
	</bean>

	<bean id="socialIdentityAdmin4" class="domain.SocialIdentity">
		<property name="nick" value="nickadmin4" />
		<property name="name" value="identityadmin 4" />
		<property name="link" value="http://www.sample.com" />
		<property name="photo" value="http://www.sample.com" />
	</bean>

	<bean id="socialIdentityAdmin5" class="domain.SocialIdentity">
		<property name="nick" value="nickadmin5" />
		<property name="name" value="identityadmin 5" />
		<property name="link" value="http://www.sample.com" />
		<property name="photo" value="http://www.sample.com" />
	</bean>

	<bean id="socialIdentityManager1" class="domain.SocialIdentity">
		<property name="nick" value="nickmanager1" />
		<property name="name" value="identitymanager 1" />
		<property name="link" value="http://www.sample.com" />
		<property name="photo" value="http://www.sample.com" />
	</bean>

	<bean id="socialIdentityManager2" class="domain.SocialIdentity">
		<property name="nick" value="nickmanager2" />
		<property name="name" value="identitymanager 2" />
		<property name="link" value="http://www.sample.com" />
		<property name="photo" value="http://www.sample.com" />
	</bean>

	<bean id="socialIdentityManager3" class="domain.SocialIdentity">
		<property name="nick" value="nickmanager3" />
		<property name="name" value="identitymanager 3" />
		<property name="link" value="http://www.sample.com" />
		<property name="photo" value="http://www.sample.com" />
	</bean>

	<bean id="socialIdentityManager4" class="domain.SocialIdentity">
		<property name="nick" value="nickmanager4" />
		<property name="name" value="identitymanager 4" />
		<property name="link" value="http://www.sample.com" />
		<property name="photo" value="http://www.sample.com" />
	</bean>

	<bean id="socialIdentityManager5" class="domain.SocialIdentity">
		<property name="nick" value="nickmanager5" />
		<property name="name" value="identitymanager 5" />
		<property name="link" value="http://www.sample.com" />
		<property name="photo" value="http://www.sample.com" />
	</bean>

	<bean id="socialIdentityRanger1" class="domain.SocialIdentity">
		<property name="nick" value="nickranger1" />
		<property name="name" value="identityranger 1" />
		<property name="link" value="http://www.sample.com" />
		<property name="photo" value="http://www.sample.com" />
	</bean>

	<bean id="socialIdentityRanger2" class="domain.SocialIdentity">
		<property name="nick" value="nickranger2" />
		<property name="name" value="identityranger 2" />
		<property name="link" value="http://www.sample.com" />
		<property name="photo" value="http://www.sample.com" />
	</bean>

	<bean id="socialIdentityRanger3" class="domain.SocialIdentity">
		<property name="nick" value="nickranger3" />
		<property name="name" value="identityranger 3" />
		<property name="link" value="http://www.sample.com" />
		<property name="photo" value="http://www.sample.com" />
	</bean>

	<bean id="socialIdentityRanger4" class="domain.SocialIdentity">
		<property name="nick" value="nickranger4" />
		<property name="name" value="identityranger 4" />
		<property name="link" value="http://www.sample.com" />
		<property name="photo" value="http://www.sample.com" />
	</bean>

	<bean id="socialIdentityRanger5" class="domain.SocialIdentity">
		<property name="nick" value="nickranger5" />
		<property name="name" value="identityranger 5" />
		<property name="link" value="http://www.sample.com" />
		<property name="photo" value="http://www.sample.com" />
	</bean>

	<bean id="socialIdentitySponsor1" class="domain.SocialIdentity">
		<property name="nick" value="nicksponsor1" />
		<property name="name" value="identityexponsor 1" />
		<property name="link" value="http://www.sample.com" />
		<property name="photo" value="http://www.sample.com" />
	</bean>

	<bean id="socialIdentitySponsor2" class="domain.SocialIdentity">
		<property name="nick" value="nicksxponsor2" />
		<property name="name" value="identitysponsor 2" />
		<property name="link" value="http://www.sample.com" />
		<property name="photo" value="http://www.sample.com" />
	</bean>

	<bean id="socialIdentitySponsor3" class="domain.SocialIdentity">
		<property name="nick" value="nickSponsor3" />
		<property name="name" value="identitySponsor 3" />
		<property name="link" value="http://www.sample.com" />
		<property name="photo" value="http://www.sample.com" />
	</bean>

	<bean id="socialIdentitySponsor4" class="domain.SocialIdentity">
		<property name="nick" value="nickSponsor4" />
		<property name="name" value="identitySponsor 4" />
		<property name="link" value="http://www.sample.com" />
		<property name="photo" value="http://www.sample.com" />
	</bean>

	<bean id="socialIdentitySponsor5" class="domain.SocialIdentity">
		<property name="nick" value="nickSponsor5" />
		<property name="name" value="identitySponsor 5" />
		<property name="link" value="http://www.sample.com" />
		<property name="photo" value="http://www.sample.com" />
	</bean>

	<bean id="socialIdentityExplorer" class="domain.SocialIdentity">
		<property name="nick" value="nickexplorer 1" />
		<property name="name" value="identityexplorer 1" />
		<property name="link" value="http://www.sample.com" />
		<property name="photo" value="http://www.sample.com" />
	</bean>

	<bean id="socialIdentityExplorer2" class="domain.SocialIdentity">
		<property name="nick" value="nickexplorer 2" />
		<property name="name" value="identityexplorer 2" />
		<property name="link" value="http://www.sample.com" />
		<property name="photo" value="http://www.sample.com" />
	</bean>

	<bean id="socialIdentityExplorer3" class="domain.SocialIdentity">
		<property name="nick" value="nickexplorer3" />
		<property name="name" value="identityexplorer 3" />
		<property name="link" value="http://www.sample.com" />
		<property name="photo" value="http://www.sample.com" />
	</bean>

	<bean id="socialIdentityExplorer4" class="domain.SocialIdentity">
		<property name="nick" value="nickexplorer 4" />
		<property name="name" value="identityexplorer 4" />
		<property name="link" value="http://www.sample.com" />
		<property name="photo" value="http://www.sample.com" />
	</bean>

	<bean id="socialIdentityExplorer5" class="domain.SocialIdentity">
		<property name="nick" value="nickexplorer 5" />
		<property name="name" value="identityexplorer 5" />
		<property name="link" value="http://www.sample.com" />
		<property name="photo" value="http://www.sample.com" />
	</bean>

	<bean id="socialIdentityAuditor1" class="domain.SocialIdentity">
		<property name="nick" value="nickauditor 1" />
		<property name="name" value="identityauditor 1" />
		<property name="link" value="http://www.sample.com" />
		<property name="photo" value="http://www.sample.com" />
	</bean>

	<bean id="socialIdentityAuditor2" class="domain.SocialIdentity">
		<property name="nick" value="nickauditor 2" />
		<property name="name" value="identityauditor 2" />
		<property name="link" value="http://www.sample.com" />
		<property name="photo" value="http://www.sample.com" />
	</bean>

	<bean id="socialIdentityAuditor3" class="domain.SocialIdentity">
		<property name="nick" value="nickauditor 3" />
		<property name="name" value="identityauditor 3" />
		<property name="link" value="http://www.sample.com" />
		<property name="photo" value="http://www.sample.com" />
	</bean>

	<bean id="socialIdentityAuditor4" class="domain.SocialIdentity">
		<property name="nick" value="nickauditor 4" />
		<property name="name" value="identityauditor 4" />
		<property name="link" value="http://www.sample.com" />
		<property name="photo" value="http://www.sample.com" />
	</bean>

	<bean id="socialIdentityAuditor5" class="domain.SocialIdentity">
		<property name="nick" value="nickauditor 5" />
		<property name="name" value="identityauditor 5" />
		<property name="link" value="http://www.sample.com" />
		<property name="photo" value="http://www.sample.com" />
	</bean>

	<!-- Administrator -->

	<!-- Administrator 1 -->
	<bean id="administrator1" class="domain.Administrator">
		<property name="name" value="Administrator1" />
		<property name="surname" value="Administrator1 Surnames" />
		<property name="email" value="Administrator1@administrator.com" />
		<property name="phone" value="+34662657322" />
		<property name="address" value="Administrator address" />
		<property name="userAccount" ref="userAccountAdmin1" />
		<property name="messagesFolders">
			<list>
				<ref bean="messageFolder1" />
			</list>
		</property>
		<property name="socialIdentities">
			<list>
				<ref bean="socialIdentityAdmin1" />
			</list>
		</property>
	</bean>

	<!-- Administrator 2 -->
	<bean id="administrator2" class="domain.Administrator">
		<property name="name" value="Administrator2" />
		<property name="surname" value="Administrator2 Surnames" />
		<property name="email" value="Administrator2@administrator.com" />
		<property name="phone" value="+34662657322" />
		<property name="address" value="Administrator address" />
		<property name="userAccount" ref="userAccountAdmin2" />
		<property name="messagesFolders">
			<list>
				<ref bean="messageFolder2" />
			</list>
		</property>
		<property name="socialIdentities">
			<list>
				<ref bean="socialIdentityAdmin2" />
			</list>
		</property>
	</bean>

	<!-- Administrator 3 -->
	<bean id="administrator3" class="domain.Administrator">
		<property name="name" value="Administrator3" />
		<property name="surname" value="Administrator3 Surnames" />
		<property name="email" value="Administrator3@administrator.com" />
		<property name="phone" value="+34662657323" />
		<property name="address" value="Administrator address" />
		<property name="userAccount" ref="userAccountAdmin3" />
		<property name="messagesFolders">
			<list>
			</list>
		</property>
		<property name="socialIdentities">
			<list>
				<ref bean="socialIdentityAdmin3" />
			</list>
		</property>
	</bean>

	<!-- Administrator 4 -->
	<bean id="administrator4" class="domain.Administrator">
		<property name="name" value="Administrator4" />
		<property name="surname" value="Administrator4 Surnames" />
		<property name="email" value="Administrator4@administrator.com" />
		<property name="phone" value="+34662657324" />
		<property name="address" value="Administrator address" />
		<property name="userAccount" ref="userAccountAdmin4" />
		<property name="messagesFolders">
			<list>

			</list>
		</property>
		<property name="socialIdentities">
			<list>
				<ref bean="socialIdentityAdmin4" />
			</list>
		</property>
	</bean>


	<!-- Administrator 5 -->
	<bean id="administrator5" class="domain.Administrator">
		<property name="name" value="Administrator5" />
		<property name="surname" value="Administrator5 Surnames" />
		<property name="email" value="Administrator5@administrator.com" />
		<property name="phone" value="+34662657325" />
		<property name="address" value="Administrator address" />
		<property name="userAccount" ref="userAccountAdmin5" />
		<property name="messagesFolders">
			<list>

			</list>
		</property>
		<property name="socialIdentities">
			<list>
				<ref bean="socialIdentityAdmin5" />
			</list>
		</property>
	</bean>

	<!-- Sponsors -->
	<!--COMPROBADO SIN LISTA DE SPONSORSHIP -->

	<!-- Sponsors 1 -->
	<bean class="domain.Sponsor" id="sponsor1">
		<property name="name" value="Sponsor1" />
		<property name="surname" value="Sponsor1 Surnames" />
		<property name="email" value="sponsor1@sponsor.com" />
		<property name="phone" value="+34662657322" />
		<property name="address" value="Sponsor1 address" />
		<property name="userAccount" ref="userAccountSponsor1" />
		<property name="messagesFolders">
			<list>

			</list>
		</property>
		<property name="socialIdentities">
			<list>
				<ref bean="socialIdentitySponsor1" />
			</list>
		</property>
		<property name="sponsorships">
			<list>
			</list>
		</property>
	</bean>

	<!-- Sponsors 2 -->
	<bean class="domain.Sponsor" id="sponsor2">
		<property name="name" value="Sponsor2" />
		<property name="surname" value="Sponsor2 Surnames" />
		<property name="email" value="sponsor2@sponsor.com" />
		<property name="phone" value="+34662657322" />
		<property name="address" value="Sponsor2 address" />
		<property name="userAccount" ref="userAccountSponsor2" />
		<property name="messagesFolders">
			<list>

			</list>
		</property>
		<property name="socialIdentities">
			<list>
				<ref bean="socialIdentitySponsor2" />
			</list>
		</property>
		<property name="sponsorships">
			<list>
			</list>
		</property>
	</bean>

	<!-- Sponsors 3 -->
	<bean class="domain.Sponsor" id="sponsor3">
		<property name="name" value="Sponsor3" />
		<property name="surname" value="Sponsor3 Surnames" />
		<property name="email" value="sponsor3@sponsor.com" />
		<property name="phone" value="+34662657322" />
		<property name="address" value="Sponsor3 address" />
		<property name="userAccount" ref="userAccountSponsor3" />
		<property name="messagesFolders">
			<list>

			</list>
		</property>
		<property name="socialIdentities">
			<list>
				<ref bean="socialIdentitySponsor3" />
			</list>
		</property>
		<property name="sponsorships">
			<list>
			</list>
		</property>
	</bean>

	<!-- Sponsors 4 -->
	<bean class="domain.Sponsor" id="sponsor4">
		<property name="name" value="Sponsor4" />
		<property name="surname" value="Sponsor4 Surnames" />
		<property name="email" value="sponsor4@sponsor.com" />
		<property name="phone" value="+34662657322" />
		<property name="address" value="Sponsor4 address" />
		<property name="userAccount" ref="userAccountSponsor4" />
		<property name="messagesFolders">
			<list>

			</list>
		</property>
		<property name="socialIdentities">
			<list>
				<ref bean="socialIdentitySponsor4" />
			</list>
		</property>
		<property name="sponsorships">
			<list>
			</list>
		</property>
	</bean>

	<!-- Sponsors 5 -->
	<bean class="domain.Sponsor" id="sponsor5">
		<property name="name" value="Sponsor5" />
		<property name="surname" value="Sponsor5 Surnames" />
		<property name="email" value="sponsor5@sponsor.com" />
		<property name="phone" value="+34662657322" />
		<property name="address" value="Sponsor5 address" />
		<property name="userAccount" ref="userAccountSponsor5" />
		<property name="messagesFolders">
			<list>

			</list>
		</property>
		<property name="socialIdentities">
			<list>
				<ref bean="socialIdentitySponsor5" />
			</list>
		</property>
		<property name="sponsorships">
			<list>
			</list>
		</property>
	</bean>
	<!-- TAGs -->

	<bean id="tag1" class="domain.Tag">
		<property name="name" value="country" />
	</bean>

	<bean id="tag2" class="domain.Tag">
		<property name="name" value="expertise" />
	</bean>

	<bean id="tag3" class="domain.Tag">
		<property name="name" value="dangerousness" />
	</bean>

	<bean id="tag4" class="domain.Tag">
		<property name="name" value="name 4" />
	</bean>

	<bean id="tag5" class="domain.Tag">
		<property name="name" value="name 5" />
	</bean>

	<!-- STAGEs -->

	<bean id="stage1" class="domain.Stage">
		<property name="title" value="title 1" />
		<property name="description" value="description 1" />
		<property name="price" value="1.0"></property>
		<property name="number" value="1"></property>
		<property name="trip" ref="trip1"></property>
	</bean>

	<bean id="stage2" class="domain.Stage">
		<property name="title" value="title 2" />
		<property name="description" value="description 2" />
		<property name="price" value="2.0"></property>
		<property name="number" value="2"></property>
		<property name="trip" ref="trip2"></property>
	</bean>

	<bean id="stage3" class="domain.Stage">
		<property name="title" value="title 3" />
		<property name="description" value="description 3" />
		<property name="price" value="3.0"></property>
		<property name="number" value="3"></property>
		<property name="trip" ref="trip3"></property>
	</bean>

	<bean id="stage4" class="domain.Stage">
		<property name="title" value="title 4" />
		<property name="description" value="description 4" />
		<property name="price" value="4.0"></property>
		<property name="number" value="4"></property>
		<property name="trip" ref="trip4"></property>
	</bean>

	<bean id="stage5" class="domain.Stage">
		<property name="title" value="title 5" />
		<property name="description" value="description 5" />
		<property name="price" value="5.0"></property>
		<property name="number" value="5"></property>
		<property name="trip" ref="trip5"></property>
	</bean>

	<bean id="trip1" class="domain.Trip">
		<property name="ticker" value="170112-WWWW"></property>
		<property name="title" value="title 1"></property>
		<property name="description" value="description 1"></property>
		<property name="price" value="12.3"></property>
		<property name="requirementsExplorers">
			<list>
				<value>requirementsExplorers 1</value>
				<value>requirementsExplorers 2</value>
			</list>
		</property>
		<property name="publicationDate" value="2017/02/02 22:45"></property>
		<property name="startDate" value="2017/02/03"></property>
		<property name="finishDate" value="2017/02/04"></property>
		<property name="reasonWhy" value="reasonWhy 1"></property>
		<property name="cancelled" value="true"></property>

		<property name="ranger" ref="ranger3"></property>
		<property name="manager" ref="manager1"></property>
		<property name="classes">
			<list>
				<ref bean="survivalClass1"></ref>
			</list>
		</property>
		<property name="stories">
			<list>
				<ref bean="story1"></ref>
			</list>
		</property>
		<property name="applicationsFor">
			<list>
				<ref bean="applicationFor1"></ref>
				<ref bean="applicationFor7"></ref>
			</list>
		</property>
		<property name="auditRecords">
			<list>
				<ref bean="auditrecord1"></ref>
			</list>
		</property>
		<property name="notes">
			<list>
				<ref bean="note1"></ref>
			</list>
		</property>
		<property name="categories">
			<list>
				<ref bean="category1"></ref>
			</list>
		</property>
		<property name="sponsorships">
			<list>
				<ref bean="sponsorship1"></ref>
			</list>
		</property>
		<property name="stages">
			<list>
				<ref bean="stage1"></ref>
			</list>
		</property>
		<property name="legalText" ref="legalText1"></property>
		<property name="tags">
			<list>
				<ref bean="tag1"></ref>
			</list>
		</property>
	</bean>

	<bean id="trip2" class="domain.Trip">
		<property name="ticker" value="160112-AAAA"></property>
		<property name="title" value="title 2"></property>
		<property name="description" value="description 2"></property>
		<property name="price" value="22.3"></property>
		<property name="requirementsExplorers">
			<list>
				<value>requirementsExplorers 3</value>
				<value>requirementsExplorers 4</value>
			</list>
		</property>
		<property name="publicationDate" value="2015/01/20 22:45"></property>
		<property name="startDate" value="2017/07/11"></property>
		<property name="finishDate" value="2017/08/04"></property>
		<property name="reasonWhy" value="reasonWhy 2"></property>
		<property name="cancelled" value="false"></property>

		<property name="ranger" ref="ranger1"></property>
		<property name="manager" ref="manager1"></property>
		<property name="classes">
			<list>
				<ref bean="survivalClass2"></ref>
			</list>
		</property>
		<property name="stories">
			<list>
				<ref bean="story2"></ref>
			</list>
		</property>
		<property name="applicationsFor">
			<list>
				<ref bean="applicationFor2"></ref>
			</list>
		</property>
		<property name="auditRecords">
			<list>
			</list>
		</property>
		<property name="notes">
			<list>
				<ref bean="note2"></ref>
			</list>
		</property>
		<property name="categories">
			<list>
				<ref bean="category2"></ref>
				<ref bean="category3"></ref>
			</list>
		</property>
		<property name="sponsorships">
			<list>
				<ref bean="sponsorship2"></ref>
			</list>
		</property>
		<property name="stages">
			<list>
				<ref bean="stage2"></ref>
			</list>
		</property>
		<property name="legalText" ref="legalText2"></property>
		<property name="tags">
			<list>
				<ref bean="tag2"></ref>
				<ref bean="tag1"></ref>
			</list>
		</property>
	</bean>

	<bean id="trip3" class="domain.Trip">
		<property name="ticker" value="150112-BBBB"></property>
		<property name="title" value="title 3"></property>
		<property name="description" value="description 3"></property>
		<property name="price" value="33.3"></property>
		<property name="requirementsExplorers">
			<list>
				<value>requirementsExplorers 4</value>
				<value>requirementsExplorers 5</value>
			</list>
		</property>
		<property name="publicationDate" value="2014/06/10 22:45"></property>
		<property name="startDate" value="2014/07/11"></property>
		<property name="finishDate" value="2014/08/04"></property>
		<property name="reasonWhy" value="reasonWhy 3"></property>
		<property name="cancelled" value="true"></property>

		<property name="ranger" ref="ranger2"></property>
		<property name="manager" ref="manager2"></property>
		<property name="classes">
			<list>
				<ref bean="survivalClass3"></ref>
			</list>
		</property>
		<property name="stories">
			<list>
				<ref bean="story3"></ref>
			</list>
		</property>
		<property name="applicationsFor">
			<list>
				<ref bean="applicationFor3"></ref>
			</list>
		</property>
		<property name="auditRecords">
			<list>
				<ref bean="auditrecord3"></ref>
			</list>
		</property>
		<property name="notes">
			<list>
				<ref bean="note3"></ref>
			</list>
		</property>
		<property name="categories">
			<list>
				<ref bean="category22"></ref>

			</list>
		</property>
		<property name="sponsorships">
			<list>
				<ref bean="sponsorship2"></ref>
				<ref bean="sponsorship3"></ref>
			</list>
		</property>
		<property name="stages">
			<list>
				<ref bean="stage3"></ref>
			</list>
		</property>
		<property name="legalText" ref="legalText3"></property>
		<property name="tags">
			<list>
				<ref bean="tag2"></ref>
				<ref bean="tag1"></ref>
			</list>
		</property>
	</bean>

	<bean id="trip4" class="domain.Trip">
		<property name="ticker" value="150112-CCCC"></property>
		<property name="title" value="title 4"></property>
		<property name="description" value="description 4"></property>
		<property name="price" value="44.4"></property>
		<property name="requirementsExplorers">
			<list>
				<value>requirementsExplorers 6</value>
				<value>requirementsExplorers 7</value>
			</list>
		</property>
		<property name="publicationDate" value="2015/01/20 22:45"></property>
		<property name="startDate" value="2015/02/21"></property>
		<property name="finishDate" value="2015/08/04"></property>
		<property name="reasonWhy" value="reasonWhy 4"></property>
		<property name="cancelled" value="true"></property>

		<property name="ranger" ref="ranger4"></property>
		<property name="manager" ref="manager4"></property>
		<property name="classes">
			<list>
				<ref bean="survivalClass4"></ref>
			</list>
		</property>
		<property name="stories">
			<list>
				<ref bean="story4"></ref>
			</list>
		</property>
		<property name="applicationsFor">
			<list>
				
			</list>
		</property>
		<property name="auditRecords">
			<list>
				<ref bean="auditrecord2"></ref>
				<ref bean="auditrecord4"></ref>
			</list>
		</property>
		<property name="notes">
			<list>
				<ref bean="note4"></ref>
				<ref bean="note5"></ref>
			</list>
		</property>
		<property name="categories">
			<list>
				<ref bean="category44"></ref>
				<ref bean="category55"></ref>

			</list>
		</property>
		<property name="sponsorships">
			<list>
				<ref bean="sponsorship4"></ref>
			</list>
		</property>
		<property name="stages">
			<list>
				<ref bean="stage4"></ref>
			</list>
		</property>
		<property name="legalText" ref="legalText4"></property>
		<property name="tags">
			<list>
				<ref bean="tag4"></ref>
				<ref bean="tag2"></ref>
			</list>
		</property>
	</bean>

	<bean id="trip5" class="domain.Trip">
		<property name="ticker" value="150112-DDDD"></property>
		<property name="title" value="title 5"></property>
		<property name="description" value="description 5"></property>
		<property name="price" value="55.5"></property>
		<property name="requirementsExplorers">
			<list>
				<value>requirementsExplorers 8</value>
				<value>requirementsExplorers 9</value>
			</list>
		</property>
		<property name="publicationDate">
			<null />
		</property>
		<property name="startDate" value="2014/02/21"></property>
		<property name="finishDate" value="2015/08/04"></property>
		<property name="reasonWhy" value="reasonWhy 5"></property>
		<property name="cancelled" value="false"></property>

		<property name="ranger" ref="ranger3"></property>
		<property name="manager" ref="manager5"></property>
		<property name="classes">
			<list>
				<ref bean="survivalClass5"></ref>
			</list>
		</property>
		<property name="stories">
			<list>
				<ref bean="story5"></ref>
			</list>
		</property>
		<property name="applicationsFor">
			<list>
				<ref bean="applicationFor4"/>
				<ref bean="applicationFor5"></ref>
				<ref bean="applicationFor6"></ref>
			</list>
		</property>
		<property name="auditRecords">
			<list>
				<ref bean="auditrecord5"></ref>
			</list>
		</property>
		<property name="notes">
			<list>
				
			</list>
		</property>
		<property name="categories">
			<list>
				<ref bean="category5"></ref>

			</list>
		</property>
		<property name="sponsorships">
			<list>
				<ref bean="sponsorship5"></ref>
			</list>
		</property>
		<property name="stages">
			<list>
				<ref bean="stage5"></ref>
			</list>
		</property>
		<property name="legalText" ref="legalText1"></property>
		<property name="tags">
			<list>
				<ref bean="tag5"></ref>
				<ref bean="tag1"></ref>
			</list>
		</property>
	</bean>

	<!-- GPS -->
	<bean id="gps1" class="domain.GPS">
		<property name="longitude" value="-5.98" />
		<property name="latitude" value="37.35" />
		<property name="name" value="Reina mercedes" />
	</bean>
	<bean id="gps2" class="domain.GPS">
		<property name="longitude" value="-5.49" />
		<property name="latitude" value="37.28" />
		<property name="name" value="Paradas" />
	</bean>
	<bean id="gps3" class="domain.GPS">
		<property name="longitude" value="5.5" />
		<property name="latitude" value="40.60" />
		<property name="name" value="Mar balear" />
	</bean>
	<bean id="gps4" class="domain.GPS">
		<property name="longitude" value="2.09" />
		<property name="latitude" value="41.34" />
		<property name="name" value="Barcelona" />
	</bean>
	<bean id="gps5" class="domain.GPS">
		<property name="longitude" value="7.08" />
		<property name="latitude" value="43.65" />
		<property name="name" value="Monaco" />
	</bean>

	<!-- CreditCard -->

	<bean id="creditCard1" class="domain.CreditCard">
		<property name="holderName" value="Jose Angel Dominguez Espinaco" />
		<property name="brandName" value="La caixa" />
		<property name="number" value="4388576018410707" />
		<property name="expirationMonth" value="3" />
		<property name="expirationYear" value="20" />
		<property name="cvv" value="102" />
	</bean>
	<bean id="creditCard2" class="domain.CreditCard">
		<property name="holderName" value="Daniel Lozano" />
		<property name="brandName" value="Santander" />
		<property name="number" value="4388576018410707" />
		<property name="expirationMonth" value="5" />
		<property name="expirationYear" value="21" />
		<property name="cvv" value="103" />
	</bean>
	<bean id="creditCard3" class="domain.CreditCard">
		<property name="holderName" value="Maria Ruiz" />
		<property name="brandName" value="Santander" />
		<property name="number" value="4388576018410707" />
		<property name="expirationMonth" value="6" />
		<property name="expirationYear" value="17" />
		<property name="cvv" value="655" />
	</bean>
	<bean id="creditCard4" class="domain.CreditCard">
		<property name="holderName" value="Laura vera" />
		<property name="brandName" value="Bankia" />
		<property name="number" value="4388576018410707" />
		<property name="expirationMonth" value="4" />
		<property name="expirationYear" value="16" />
		<property name="cvv" value="876" />
	</bean>
	<bean id="creditCard5" class="domain.CreditCard">
		<property name="holderName" value="Joaquin rodriguez" />
		<property name="brandName" value="La caixa" />
		<property name="number" value="4388576018410707" />
		<property name="expirationMonth" value="5" />
		<property name="expirationYear" value="18" />
		<property name="cvv" value="724" />
	</bean>

	<bean id="creditCard6" class="domain.CreditCard">
		<property name="holderName" value="María rodriguez" />
		<property name="brandName" value="La caixa" />
		<property name="number" value="4388576018410707" />
		<property name="expirationMonth" value="5" />
		<property name="expirationYear" value="18" />
		<property name="cvv" value="724" />
	</bean>

	<!-- Ranger -->
	<bean id="ranger1" class="domain.Ranger">
		<property name="userAccount" ref="userAccountRanger1" />
		<property name="name" value="ranger 1" />
		<property name="surname" value="ranger1 ranger1" />
		<property name="email" value="ranger1@acmeexplorer.com" />
		<property name="phone" value="+34617557203" />
		<property name="address" value="C/ avenida del ranger" />
		<property name="socialIdentities">
			<list>
			</list>
		</property>
		<property name="suspicious" value="True"></property>
		<property name="messagesFolders">
			<list>
			</list>
		</property>
		<property name="curricula">
			<null />
		</property>
		<property name="trips">
			<list>
				<ref bean="trip1" />
				<ref bean="trip2" />
			</list>
		</property>
	</bean>
	<bean id="ranger2" class="domain.Ranger">
		<property name="suspicious" value="false"></property>
		<property name="userAccount" ref="userAccountRanger2" />
		<property name="name" value="ranger 2" />
		<property name="surname" value="ranger2 ranger2" />
		<property name="email" value="ranger2@acmeexplorer.com" />
		<property name="phone" value="+34617557203" />
		<property name="address" value="C/ avenida del ranger" />
		<property name="socialIdentities">
			<list>
			</list>
		</property>
		<property name="messagesFolders">
			<list>
			</list>
		</property>
		<property name="curricula" ref="curricula2" />
		<property name="trips">
			<list>
				<ref bean="trip3" />
			</list>
		</property>
	</bean>
	<bean id="ranger3" class="domain.Ranger">
		<property name="suspicious" value="True"></property>
		<property name="userAccount" ref="userAccountRanger3" />
		<property name="name" value="ranger 3" />
		<property name="surname" value="ranger3 ranger3" />
		<property name="email" value="ranger3@acmeexplorer.com" />
		<property name="phone" value="+34617557203" />
		<property name="address" value="C/ avenida del ranger" />
		<property name="socialIdentities">
			<list>
			</list>
		</property>
		<property name="messagesFolders">
			<list>
			</list>
		</property>
		<property name="curricula" ref="curricula3" />
		<property name="trips">
			<list>
				<ref bean="trip5" />
			</list>
		</property>
	</bean>
	<bean id="ranger4" class="domain.Ranger">
		<property name="suspicious" value="True"></property>
		<property name="userAccount" ref="userAccountRanger4" />
		<property name="name" value="ranger 4" />
		<property name="surname" value="ranger1 ranger4" />
		<property name="email" value="ranger4@acmeexplorer.com" />
		<property name="phone" value="+34617557203" />
		<property name="address" value="C/ avenida del ranger" />
		<property name="socialIdentities">
			<list>
			</list>
		</property>
		<property name="messagesFolders">
			<list>
			</list>
		</property>
		<property name="curricula" ref="curricula4" />
		<property name="trips">
			<list>
				<ref bean="trip4" />
			</list>
		</property>
	</bean>
	<bean id="ranger5" class="domain.Ranger">
		<property name="suspicious" value="false"></property>
		<property name="userAccount" ref="userAccountRanger5" />
		<property name="name" value="ranger 5" />
		<property name="surname" value="ranger5 ranger5" />
		<property name="email" value="ranger5@acmeexplorer.com" />
		<property name="phone" value="+34617557203" />
		<property name="address" value="C/ avenida del ranger" />
		<property name="socialIdentities">
			<list>
			</list>
		</property>
		<property name="messagesFolders">
			<list>
			</list>
		</property>
		<property name="curricula">
			<null />
		</property>
		<property name="trips">
			<list>
			</list>
		</property>
	</bean>


	<!-- Auditor -->


	<bean id="auditor1" class="domain.Auditor">
		<property name="userAccount" ref="userAccountAuditor1" />
		<property name="name" value="auditor 1" />
		<property name="surname" value="auditor1 auditor1" />
		<property name="email" value="auditor1@acmeexplorer.com" />
		<property name="phone" value="+34617557203" />
		<property name="address" value="C/ avenida del auditor" />
		<property name="socialIdentities">
			<list>
			</list>
		</property>
		<property name="messagesFolders">
			<list>
			</list>
		</property>
		<property name="auditRecords">
			<list>
				<ref bean="auditrecord1" />
				<ref bean="auditrecord2" />
				<ref bean="auditrecord3" />
			</list>
		</property>
		<property name="notes">
			<list>
				<ref bean="note1" />
			</list>
		</property>
	</bean>
	<bean id="auditor2" class="domain.Auditor">
		<property name="userAccount" ref="userAccountAuditor2" />
		<property name="name" value="auditor 2" />
		<property name="surname" value="auditor2 auditor2" />
		<property name="email" value="auditor2@acmeexplorer.com" />
		<property name="phone" value="+34617557243" />
		<property name="address" value="C/ avenida del auditor" />
		<property name="socialIdentities">
			<list>
			</list>
		</property>
		<property name="messagesFolders">
			<list>
			</list>
		</property>
		<property name="auditRecords">
			<list>
				<ref bean="auditrecord4" />
			</list>
		</property>
		<property name="notes">
			<list>
				<ref bean="note1" />
			</list>
		</property>
	</bean>
	<bean id="auditor3" class="domain.Auditor">
		<property name="userAccount" ref="userAccountAuditor3" />
		<property name="name" value="auditor 3" />
		<property name="surname" value="auditor3 auditor3" />
		<property name="email" value="auditor3@acmeexplorer.com" />
		<property name="phone" value="+34617357243" />
		<property name="address" value="C/ avenida del auditor" />
		<property name="socialIdentities">
			<list>
			</list>
		</property>
		<property name="messagesFolders">
			<list>
			</list>
		</property>
		<property name="auditRecords">
			<list>
				<ref bean="auditrecord5" />
			</list>
		</property>
		<property name="notes">
			<list>
			</list>
		</property>
	</bean>
	<bean id="auditor4" class="domain.Auditor">
		<property name="userAccount" ref="userAccountAuditor4" />
		<property name="name" value="auditor 4" />
		<property name="surname" value="auditor4 audito45" />
		<property name="email" value="auditor4@acmeexplorer.com" />
		<property name="phone" value="+34677557243" />
		<property name="address" value="C/ avenida del auditor" />
		<property name="socialIdentities">
			<list>
			</list>
		</property>
		<property name="messagesFolders">
			<list>
			</list>
		</property>
		<property name="auditRecords">
			<list>
			</list>
		</property>
		<property name="notes">
			<list>
			</list>
		</property>
	</bean>
	<bean id="auditor5" class="domain.Auditor">
		<property name="userAccount" ref="userAccountAuditor5" />
		<property name="name" value="auditor 5" />
		<property name="surname" value="auditor5 auditor5" />
		<property name="email" value="auditor5@acmeexplorer.com" />
		<property name="phone" value="+34617557243" />
		<property name="address" value="C/ avenida del auditor" />
		<property name="socialIdentities">
			<list>
			</list>
		</property>
		<property name="messagesFolders">
			<list>
			</list>
		</property>
		<property name="auditRecords">
			<list>
			</list>
		</property>
		<property name="notes">
			<list>
			</list>
		</property>
	</bean>
	<!-- Notes -->

	<bean id="note1" class="domain.Note">
		<property name="createdMoment" value="2017/10/01 15:25" />
		<property name="remark" value="3" />
		<property name="auditor" ref="auditor1" />
		<property name="trip" ref="trip1" />

	</bean>

	<bean id="note2" class="domain.Note">
		<property name="createdMoment" value="2017/10/01 15:25" />
		<property name="remark" value="3" />
		<property name="auditor" ref="auditor1" />
		<property name="trip" ref="trip2" />

	</bean>

	<bean id="note3" class="domain.Note">
		<property name="createdMoment" value="2017/10/01 15:25" />
		<property name="remark" value="3" />
		<property name="auditor" ref="auditor2" />
		<property name="trip" ref="trip3" />
	</bean>

	<bean id="note4" class="domain.Note">
		<property name="createdMoment" value="2017/10/01 15:25" />
		<property name="remark" value="3" />
		<property name="auditor" ref="auditor2" />
		<property name="trip" ref="trip4" />

	</bean>

	<bean id="note5" class="domain.Note">
		<property name="createdMoment" value="2017/10/01 15:25" />
		<property name="remark" value="2" />
		<property name="auditor" ref="auditor3" />
		<property name="trip" ref="trip4" />

	</bean>

	<!-- AuditRecord -->
	<bean id="auditrecord1" class="domain.AuditRecord">
		<property name="realisedMoment" value="2017/10/01 15:25" />
		<property name="title" value="auditrecord1" />
		<property name="description" value="attachments auditrecord 1" />
		<property name="attachments">
			<list>
				<value>prueba auditrecord1 de attachemen 1</value>
				<value>prueba auditrecord1 de attachemen 2</value>
			</list>
		</property>
		<property name="draftMode" value="true" />
		<property name="auditor" ref="auditor1" />
		<property name="trip" ref="trip1" />
	</bean>

	<bean id="auditrecord2" class="domain.AuditRecord">
		<property name="realisedMoment" value="2017/10/01 15:25" />
		<property name="title" value="auditrecord2" />
		<property name="description" value="attachments auditrecord 2" />
		<property name="attachments">
			<list>
				<value>prueba auditrecord2 de attachemen 1</value>
				<value>prueba auditrecord2 de attachemen 2</value>
			</list>
		</property>
		<property name="draftMode" value="true" />
		<property name="auditor" ref="auditor1" />
		<property name="trip" ref="trip4" />
	</bean>
	<bean id="auditrecord3" class="domain.AuditRecord">
		<property name="realisedMoment" value="2017/10/01 15:25" />
		<property name="title" value="auditrecord3" />
		<property name="description" value="attachments auditrecord 3" />
		<property name="attachments">
			<list>
				<value>prueba auditrecord 3 de attachemen 1</value>
				<value>prueba auditrecord 3 de attachemen 2</value>
			</list>
		</property>
		<property name="draftMode" value="true" />
		<property name="auditor" ref="auditor1" />
		<property name="trip" ref="trip3" />
	</bean>
	<bean id="auditrecord4" class="domain.AuditRecord">
		<property name="realisedMoment" value="2017/10/01 15:25" />
		<property name="title" value="auditrecord4" />
		<property name="description" value="attachments auditrecord 4" />
		<property name="attachments">
			<list>
				<value>prueba auditrecord 4 de attachemen 1</value>
				<value>prueba auditrecord 4 de attachemen 2</value>
			</list>
		</property>
		<property name="draftMode" value="true" />
		<property name="auditor" ref="auditor2" />
		<property name="trip" ref="trip4" />
	</bean>
	<bean id="auditrecord5" class="domain.AuditRecord">
		<property name="realisedMoment" value="2017/10/01 15:25" />
		<property name="title" value="auditrecord5" />
		<property name="description" value="attachments auditrecord 5" />
		<property name="attachments">
			<list>
				<value>prueba auditrecord 5 de attachemen 1</value>
				<value>prueba auditrecord 5 de attachemen 2</value>
			</list>
		</property>
		<property name="draftMode" value="true" />
		<property name="auditor" ref="auditor3" />
		<property name="trip" ref="trip5" />
	</bean>



	<!-- ContactEmergency -->
	<bean id="contactEmergency1" class="domain.ContactEmergency">
		<property name="name" value="contact 1" />
		<property name="email" value="contact1@gmail.com" />
		<property name="phone" value="+55888846" />
	</bean>

	<bean id="contactEmergency2" class="domain.ContactEmergency">
		<property name="name" value="contact 2" />
		<property name="email" value="contact2@gmail.com" />
		<property name="phone" value="+34888846" />
	</bean>

	<bean id="contactEmergency3" class="domain.ContactEmergency">
		<property name="name" value="contact 3" />
		<property name="email" value="contact3@gmail.com" />
		<property name="phone" value="+36855846" />
	</bean>

	<bean id="contactEmergency4" class="domain.ContactEmergency">
		<property name="name" value="contact 4" />
		<property name="email" value="contact4@gmail.com" />
		<property name="phone" value="+368857446" />
	</bean>

	<bean id="contactEmergency5" class="domain.ContactEmergency">
		<property name="name" value="contact 5" />
		<property name="email" value="contact5@gmail.com" />
		<property name="phone" value="6657446" />
	</bean>



	<!-- LegalText -->
	<!--COMPROBADO -->
	<bean id="legalText1" class="domain.LegalText">
		<property name="title" value="title 1" />
		<property name="body" value="body 1" />
		<property name="lawsNumber" value="1"></property>
		<property name="moment" value="2017/10/29 23:59"></property>
		<property name="draftMode" value="true"></property>
	</bean>

	<bean id="legalText2" class="domain.LegalText">
		<property name="title" value="title 2" />
		<property name="body" value="body 2" />
		<property name="lawsNumber" value="1"></property>
		<property name="moment" value="2017/11/02 23:59"></property>
		<property name="draftMode" value="true"></property>
	</bean>


	<bean id="legalText3" class="domain.LegalText">
		<property name="title" value="title 3" />
		<property name="body" value="body 3" />
		<property name="lawsNumber" value="1"></property>
		<property name="moment" value="2017/11/12 23:59"></property>
		<property name="draftMode" value="true"></property>
	</bean>


	<bean id="legalText4" class="domain.LegalText">
		<property name="title" value="title 4" />
		<property name="body" value="body 4" />
		<property name="lawsNumber" value="4"></property>
		<property name="moment" value="2017/11/23 23:59"></property>
		<property name="draftMode" value="true"></property>
	</bean>

	<bean id="legalText5" class="domain.LegalText">
		<property name="title" value="title 5" />
		<property name="body" value="body 5" />
		<property name="lawsNumber" value="1"></property>
		<property name="moment" value="2017/12/23 23:59"></property>
		<property name="draftMode" value="true"></property>
	</bean>


	<!-- SponsorShip -->


	<!-- SponsorShip 1 -->
	<bean id="sponsorship1" class="domain.Sponsorship">
		<property name="bannerURL" value="http://www.banner.com" />
		<property name="link" value="http://www.link-banner.com" />
		<property name="creditCard">
			<ref bean="creditCard1" />
		</property>
		<property name="trip">
			<ref bean="trip1" />
		</property>
		<property name="sponsor">
			<ref bean="sponsor1" />
		</property>
	</bean>

	<!-- SponsorShip 2 -->
	<bean id="sponsorship2" class="domain.Sponsorship">
		<property name="bannerURL" value="http://www.banner.com" />
		<property name="link" value="http://www.banner.com" />
		<property name="creditCard">
			<ref bean="creditCard1" />
		</property>
		<property name="trip">
			<ref bean="trip2" />
		</property>
		<property name="sponsor">
			<ref bean="sponsor2" />
		</property>
	</bean>

	<!-- SponsorShip 3 -->
	<bean id="sponsorship3" class="domain.Sponsorship">
		<property name="bannerURL" value="http://www.banner.com" />
		<property name="link" value="http://www.banner.com" />
		<property name="creditCard">
			<ref bean="creditCard2" />
		</property>
		<property name="trip">
			<ref bean="trip3" />
		</property>
		<property name="sponsor">
			<ref bean="sponsor3" />
		</property>
	</bean>

	<!-- SponsorShip 4 -->
	<bean id="sponsorship4" class="domain.Sponsorship">
		<property name="bannerURL" value="http://www.example.com" />
		<property name="link" value="http://www.example.com" />
		<property name="creditCard">
			<ref bean="creditCard2" />
		</property>
		<property name="trip">
			<ref bean="trip4" />
		</property>
		<property name="sponsor">
			<ref bean="sponsor4" />
		</property>
	</bean>


	<bean id="sponsorship5" class="domain.Sponsorship">
		<property name="bannerURL" value="http://www.example.com" />
		<property name="link" value="http://www.example.com" />
		<property name="creditCard">
			<ref bean="creditCard2" />
		</property>
		<property name="trip">
			<ref bean="trip5" />
		</property>
		<property name="sponsor">
			<ref bean="sponsor5" />
		</property>
	</bean>


	<!-- Category -->



	<!-- Category: Category Padres: Hijas: Category1: Category11,Category33,Category44 
		CATEGORY Category2: Category11,Category33 Category3: Category11,Category22,Category33,Category44,Category55 
		Category4: Category11 Category5: Category11,Category55 -->

	<!--Categoria Hija 11 -->
	<bean id="category11" class="domain.Category">
		<property name="name" value="category 11" />
		<property name="subCategories">
			<list>
			</list>
		</property>
	</bean>

	<!--Categoria Hija 22 -->
	<bean id="category22" class="domain.Category">
		<property name="name" value="category 22" />
		<property name="subCategories">
			<list>
			</list>
		</property>
	</bean>

	<!--Categoria Hija 33 -->
	<bean id="category33" class="domain.Category">
		<property name="name" value="category 33" />
		<property name="subCategories">
			<list>
			</list>
		</property>
	</bean>

	<!--Categoria Hija 44 -->
	<bean id="category44" class="domain.Category">
		<property name="name" value="category 44" />
		<property name="subCategories">
			<list>
			</list>
		</property>
	</bean>

	<!--Categoria Hija 55 -->
	<bean id="category55" class="domain.Category">
		<property name="name" value="category 55" />
		<property name="subCategories">
			<list>
			</list>
		</property>
	</bean>


	<!--Categoria Padre 1 -->
	<bean id="category1" class="domain.Category">
		<property name="name" value="category 1" />
		<property name="subCategories">
			<list>
				<ref bean="category11" />
				<ref bean="category33" />
				<ref bean="category44" />
			</list>
		</property>
	</bean>

	<!--Categoria Padre 2 -->
	<bean id="category2" class="domain.Category">
		<property name="name" value="category 2" />
		<property name="subCategories">
			<list>
				<ref bean="category11" />
				<ref bean="category33" />
			</list>
		</property>
	</bean>

	<!--Categoria Padre 3 -->
	<bean id="category3" class="domain.Category">
		<property name="name" value="category 3" />
		<property name="subCategories">
			<list>
				<ref bean="category11" />
				<ref bean="category22" />
				<ref bean="category33" />
				<ref bean="category44" />
				<ref bean="category55" />
			</list>
		</property>
	</bean>

	<!--Categoria Padre 4 -->
	<bean id="category4" class="domain.Category">
		<property name="name" value="category 4" />
		<property name="subCategories">
			<list>
				<ref bean="category11" />
			</list>
		</property>
	</bean>

	<!--Categoria Padre 5 -->
	<bean id="category5" class="domain.Category">
		<property name="name" value="category 5" />
		<property name="subCategories">
			<list>
				<ref bean="category11" />
				<ref bean="category55" />
			</list>
		</property>
	</bean>

	<!--Categoria Padre De Todas -->
	<bean id="category" class="domain.Category">
		<property name="name" value="CATEGORY" />
		<property name="subCategories">
			<list>
				<ref bean="category1" />
				<ref bean="category2" />
				<ref bean="category3" />
				<ref bean="category4" />
				<ref bean="category5" />
			</list>
		</property>
	</bean>

	<bean id="manager1" class="domain.Manager">
		<property name="suspicious" value="False"></property>
		<property name="name" value="Manager 1" />
		<property name="surname" value="surname Manager 1" />
		<property name="email" value="manager1@mail.com" />
		<property name="phone" value="+313(987)1111" />
		<property name="address" value="Address Manager 1" />
		<property name="userAccount" ref="userAccountManager1" />
		<property name="socialIdentities">
			<list>
			</list>
		</property>
		<property name="messagesFolders">
			<list>
			</list>
		</property>
		<property name="trips">
			<list>
				<ref bean="trip1"></ref>
				<ref bean="trip2"></ref>
			</list>
		</property>
		<property name="applicationsFor">
			<list>
				<ref bean="applicationFor1"></ref>
				<ref bean="applicationFor7"></ref>
			</list>
		</property>
	</bean>
	<bean id="manager2" class="domain.Manager">
		<property name="suspicious" value="False"></property>
		<property name="name" value="Manager 2" />
		<property name="surname" value="surname Manager 2" />
		<property name="email" value="manager2@mail.com" />
		<property name="phone" value="+313(987)1112" />
		<property name="address" value="Address Manager 2" />
		<property name="userAccount" ref="userAccountManager2" />
		<property name="socialIdentities">
			<list>
			</list>
		</property>
		<property name="messagesFolders">
			<list>
			</list>
		</property>
		<property name="trips">
			<list>
				<ref bean="trip3"></ref>
			</list>
		</property>
		<property name="applicationsFor">
			<list>
				<ref bean="applicationFor2"></ref>
			</list>
		</property>
	</bean>
	<bean id="manager3" class="domain.Manager">
		<property name="suspicious" value="False"></property>
		<property name="name" value="Manager 3" />
		<property name="surname" value="surname Manager 3" />
		<property name="email" value="manager3@mail.com" />
		<property name="phone" value="+313(987)1113" />
		<property name="address" value="Address Manager 3" />
		<property name="userAccount" ref="userAccountManager3" />
		<property name="socialIdentities">
			<list>
			</list>
		</property>
		<property name="messagesFolders">
			<list>
			</list>
		</property>
		<property name="trips">
			<list>
			</list>
		</property>
		<property name="applicationsFor">
			<list>
				<ref bean="applicationFor3"></ref>
			</list>
		</property>
	</bean>
	<bean id="manager4" class="domain.Manager">
		<property name="suspicious" value="True"></property>
		<property name="name" value="Manager 4" />
		<property name="surname" value="surname Manager 4" />
		<property name="email" value="manager4@mail.com" />
		<property name="phone" value="+313(987)1114" />
		<property name="address" value="Address Manager 4" />
		<property name="userAccount" ref="userAccountManager4" />
		<property name="socialIdentities">
			<list>
			</list>
		</property>
		<property name="messagesFolders">
			<list>
			</list>
		</property>
		<property name="trips">
			<list>
				<ref bean="trip4"></ref>
			</list>
		</property>
		<property name="applicationsFor">
			<list>
				<ref bean="applicationFor4"></ref>
			</list>
		</property>
	</bean>
	<bean id="manager5" class="domain.Manager">
		<property name="suspicious" value="True"></property>
		<property name="name" value="Manager 5" />
		<property name="surname" value="surname Manager 5" />
		<property name="email" value="manager5@mail.com" />
		<property name="phone" value="+313(987)1115" />
		<property name="address" value="Address Manager 5" />
		<property name="userAccount" ref="userAccountManager5" />
		<property name="socialIdentities">
			<list>
			</list>
		</property>
		<property name="messagesFolders">
			<list>
			</list>
		</property>
		<property name="trips">
			<list>
				<ref bean="trip5"></ref>
			</list>
		</property>
		<property name="applicationsFor">
			<list>
				<ref bean="applicationFor5"></ref>
			</list>
		</property>
	</bean>
	<!-- Explorer -->

	<bean id="explorer1" class="domain.Explorer">
		<property name="name" value="Explorer 1" />
		<property name="surname" value="surname Explorer 1" />
		<property name="email" value="explorer1@mail.com" />
		<property name="phone" value="+313(987)1121" />
		<property name="address" value="Address explorer 1" />
		<property name="userAccount" ref="userAccountExplorer1" />
		<property name="socialIdentities">
			<list>
			</list>
		</property>
		<property name="messagesFolders">
			<list>
			</list>
		</property>
		<property name="stories">
			<list>
				<ref bean="story1"></ref>
			</list>
		</property>
		<property name="applicationsFor">
			<list>
				<ref bean="applicationFor1"></ref>
			</list>
		</property>
		<property name="contactsEmergency">
			<list>
				<ref bean="contactEmergency1"></ref>
			</list>
		</property>
	</bean>
	<bean id="explorer2" class="domain.Explorer">
		<property name="name" value="Explorer 2" />
		<property name="surname" value="surname Explorer 2" />
		<property name="email" value="explorer2@mail.com" />
		<property name="phone" value="+313(987)1131" />
		<property name="address" value="Address explorer 2" />
		<property name="userAccount" ref="userAccountExplorer2" />
		<property name="socialIdentities">
			<list>
			</list>
		</property>
		<property name="messagesFolders">
			<list>
			</list>
		</property>
		<property name="stories">
			<list>
				<ref bean="story2"></ref>
			</list>
		</property>
		<property name="applicationsFor">
			<list>
				<ref bean="applicationFor2"></ref>
			</list>
		</property>
		<property name="contactsEmergency">
			<list>
				<ref bean="contactEmergency1"></ref>
				<ref bean="contactEmergency2"></ref>
			</list>
		</property>
	</bean>
	<bean id="explorer3" class="domain.Explorer">
		<property name="name" value="Explorer 3" />
		<property name="surname" value="surname Explorer 3" />
		<property name="email" value="explorer3@mail.com" />
		<property name="phone" value="+313(987)1141" />
		<property name="address" value="Address explorer 3" />
		<property name="userAccount" ref="userAccountExplorer3" />
		<property name="socialIdentities">
			<list>
			</list>
		</property>
		<property name="messagesFolders">
			<list>
			</list>
		</property>
		<property name="stories">
			<list>
				<ref bean="story3"></ref>
			</list>
		</property>
		<property name="applicationsFor">
			<list>
				<ref bean="applicationFor3"></ref>
			</list>
		</property>
		<property name="contactsEmergency">
			<list>
				<ref bean="contactEmergency1"></ref>
				<ref bean="contactEmergency2"></ref>
				<ref bean="contactEmergency3"></ref>
			</list>
		</property>
	</bean>
	<bean id="explorer4" class="domain.Explorer">
		<property name="name" value="Explorer 4" />
		<property name="surname" value="surname Explorer 4" />
		<property name="email" value="explorer4@mail.com" />
		<property name="phone" value="+313(987)1131" />
		<property name="address" value="Address explorer 4" />
		<property name="userAccount" ref="userAccountExplorer4" />
		<property name="socialIdentities">
			<list>
			</list>
		</property>
		<property name="messagesFolders">
			<list>
			</list>
		</property>
		<property name="stories">
			<list>
				<ref bean="story4"></ref>
			</list>
		</property>
		<property name="applicationsFor">
			<list>
				<ref bean="applicationFor4"></ref>
			</list>
		</property>
		<property name="contactsEmergency">
			<list>
				<ref bean="contactEmergency1"></ref>
				<ref bean="contactEmergency2"></ref>
				<ref bean="contactEmergency3"></ref>
				<ref bean="contactEmergency4"></ref>
			</list>
		</property>
	</bean>
	<bean id="explorer5" class="domain.Explorer">
		<property name="name" value="Explorer 5" />
		<property name="surname" value="surname Explorer 5" />
		<property name="email" value="explorer5@mail.com" />
		<property name="phone" value="+313(987)1131" />
		<property name="address" value="Address explorer 5" />
		<property name="userAccount" ref="userAccountExplorer5" />
		<property name="socialIdentities">
			<list>
			</list>
		</property>
		<property name="messagesFolders">
			<list>
			</list>
		</property>
		<property name="stories">
			<list>
				<ref bean="story5"></ref>
			</list>
		</property>
		<property name="applicationsFor">
			<list>
				<ref bean="applicationFor5"></ref>
				<ref bean="applicationFor7"></ref>
			</list>
		</property>
		<property name="contactsEmergency">
			<list>
				<ref bean="contactEmergency5"></ref>
			</list>
		</property>
	</bean>

	<bean id="explorer6" class="domain.Explorer">
		<property name="name" value="Explorer 6" />
		<property name="surname" value="surname Explorer 6" />
		<property name="email" value="explorer6@mail.com" />
		<property name="phone" value="+313(987)1131" />
		<property name="address" value="Address explorer 6" />
		<property name="userAccount" ref="userAccountExplorer6" />
		<property name="socialIdentities">
			<list>
			</list>
		</property>
		<property name="messagesFolders">
			<list>
			</list>
		</property>
		<property name="stories">
			<list>
			</list>
		</property>
		<property name="applicationsFor">
			<list>
				<ref bean="applicationFor6"></ref>
			</list>
		</property>
		<property name="contactsEmergency">
			<list>
			</list>
		</property>
	</bean>
	<!-- SurvivalClass -->
	<bean id="survivalClass1" class="domain.SurvivalClass">
		<property name="title" value="survivalClass 1" />
		<property name="description" value="description survivalClass 1" />
		<property name="organisedMoment" value="2017/10/22 10:10" />
		<property name="location" ref="gps1" />
		<property name="manager" ref="manager1" />
		<property name="trip" ref="trip1" />
		<property name="explorers">
			<list>
				<ref bean="explorer1" />
				<ref bean="explorer2" />
			</list>
		</property>
	</bean>
	<bean id="survivalClass2" class="domain.SurvivalClass">
		<property name="title" value="survivalClass 2" />
		<property name="description" value="description survivalClass 2" />
		<property name="organisedMoment" value="2017/10/21 10:10" />
		<property name="location" ref="gps2" />
		<property name="manager" ref="manager2" />
		<property name="trip" ref="trip2" />
		<property name="explorers">
			<list>
				<ref bean="explorer3" />
				<ref bean="explorer4" />
			</list>
		</property>
	</bean>

	<bean id="survivalClass3" class="domain.SurvivalClass">
		<property name="title" value="survivalClass 3" />
		<property name="description" value="description survivalClass 3" />
		<property name="organisedMoment" value="2017/10/21 10:10" />
		<property name="location" ref="gps3" />
		<property name="manager" ref="manager3" />
		<property name="trip" ref="trip3" />
		<property name="explorers">
			<list>
				<ref bean="explorer4" />
				<ref bean="explorer5" />
			</list>
		</property>
	</bean>

	<bean id="survivalClass4" class="domain.SurvivalClass">
		<property name="title" value="survivalClass 4" />
		<property name="description" value="description survivalClass 4" />
		<property name="organisedMoment" value="2017/10/21 08:10" />
		<property name="location" ref="gps4" />
		<property name="manager" ref="manager4" />
		<property name="trip" ref="trip4" />
		<property name="explorers">
			<list>
				<ref bean="explorer4" />
			</list>
		</property>
	</bean>
	<bean id="survivalClass5" class="domain.SurvivalClass">
		<property name="title" value="survivalClass 5" />
		<property name="description" value="description survivalClass 5" />
		<property name="organisedMoment" value="2017/10/21 09:10" />
		<property name="location" ref="gps5" />
		<property name="manager" ref="manager5" />
		<property name="trip" ref="trip5" />
		<property name="explorers">
			<list>
				<ref bean="explorer1" />
				<ref bean="explorer2" />
				<ref bean="explorer3" />
				<ref bean="explorer4" />
				<ref bean="explorer5" />
			</list>
		</property>
	</bean>
	<!-- Story -->
	<bean id="story1" class="domain.Story">
		<property name="title" value="Story 1" />
		<property name="text" value="text Story 1" />
		<property name="attachments">
			<list>
				<value>attachments1 Story1</value>
				<value>attachments2 Story1</value>
				<value>attachments3 Story1</value>
			</list>
		</property>
		<property name="trip" ref="trip1" />
		<property name="explorer" ref="explorer1" />
	</bean>
	<bean id="story2" class="domain.Story">
		<property name="title" value="Story 2" />
		<property name="text" value="text Story 2" />
		<property name="attachments">
			<list>
				<value>attachments1 Story2</value>
				<value>attachments2 Story2</value>
				<value>attachments3 Story2</value>
			</list>
		</property>
		<property name="trip" ref="trip2" />
		<property name="explorer" ref="explorer2" />
	</bean>


	<bean id="story3" class="domain.Story">
		<property name="title" value="Story 3" />
		<property name="text" value="text Story 3" />
		<property name="attachments">
			<list>
				<value>attachments1 Story3</value>
				<value>attachments2 Story3</value>
				<value>attachments3 Story3</value>
			</list>
		</property>
		<property name="trip" ref="trip3" />
		<property name="explorer" ref="explorer3" />
	</bean>

	<bean id="story4" class="domain.Story">
		<property name="title" value="Story 4" />
		<property name="text" value="text Story 4" />
		<property name="attachments">
			<list>
				<value>attachments1 Story4</value>
				<value>attachments2 Story4</value>
				<value>attachments3 Story4</value>
			</list>
		</property>
		<property name="trip" ref="trip4" />
		<property name="explorer" ref="explorer4" />
	</bean>
	<bean id="story5" class="domain.Story">
		<property name="title" value="Story 5" />
		<property name="text" value="text Story 5" />
		<property name="attachments">
			<list>
				<value>attachments1 Story5</value>
				<value>attachments2 Story5</value>
				<value>attachments3 Story5</value>
			</list>
		</property>
		<property name="trip" ref="trip5" />
		<property name="explorer" ref="explorer5" />
	</bean>

	<!-- ApplicationFor -->

	<bean id="applicationFor1" class="domain.ApplicationFor">
		<property name="moment" value="2017/10/21 10:10" />
		<property name="status" value="PENDING" />
		<property name="reasonWhy" value="" />
		<property name="comments">
			<list>
				<value>comment1 ApplicaciontFor1</value>
				<value>comment2 ApplicaciontFor1</value>
				<value>comment3 ApplicaciontFor1</value>
			</list>
		</property>
		<property name="creditCard" ref="creditCard1" />
		<property name="trip" ref="trip1" />
		<property name="explorer" ref="explorer1" />
		<property name="manager" ref="manager1" />
	</bean>
	<bean id="applicationFor2" class="domain.ApplicationFor">
		<property name="moment" value="2017/10/21 00:10" />
		<property name="status" value="REJECTED" />
		<property name="reasonWhy" value="" />
		<property name="comments">
			<list>
				<value>comment1 ApplicaciontFor2</value>
				<value>comment2 ApplicaciontFor2</value>
				<value>comment3 ApplicaciontFor2</value>
			</list>
		</property>
		<property name="creditCard" ref="creditCard2" />
		<property name="trip" ref="trip2" />
		<property name="explorer" ref="explorer2" />
		<property name="manager" ref="manager2" />
	</bean>

	<bean id="applicationFor3" class="domain.ApplicationFor">
		<property name="moment" value="2017/10/21 01:10" />
		<property name="status" value="ACCEPTED" />
		<property name="reasonWhy" value="" />
		<property name="comments">
			<list>
				<value>comment1 ApplicaciontFor3</value>
				<value>comment2 ApplicaciontFor3</value>
				<value>comment3 ApplicaciontFor3</value>
			</list>
		</property>
		<property name="creditCard" ref="creditCard3" />
		<property name="trip" ref="trip3" />
		<property name="explorer" ref="explorer3" />
		<property name="manager" ref="manager3" />
	</bean>

	<bean id="applicationFor4" class="domain.ApplicationFor">
		<property name="moment" value="2017/10/21 02:10" />
		<property name="status" value="ACCEPTED" />
		<property name="reasonWhy" value="" />
		<property name="comments">
			<list>
				<value>comment1 ApplicaciontFor4</value>
				<value>comment2 ApplicaciontFor4</value>
				<value>comment3 ApplicaciontFor4</value>
			</list>
		</property>
		<property name="creditCard" ref="creditCard4" />
		<property name="trip" ref="trip5" />
		<property name="explorer" ref="explorer4" />
		<property name="manager" ref="manager4" />
	</bean>

	<bean id="applicationFor5" class="domain.ApplicationFor">
		<property name="moment" value="2017/10/21 03:10" />
		<property name="status" value="CANCELLED" />
		<property name="reasonWhy" value="" />
		<property name="comments">
			<list>
				<value>comment1 ApplicaciontFor5</value>
				<value>comment2 ApplicaciontFor5</value>
				<value>comment3 ApplicaciontFor5</value>
			</list>
		</property>
		<property name="creditCard" ref="creditCard5" />
		<property name="trip" ref="trip5" />
		<property name="explorer" ref="explorer5" />
		<property name="manager" ref="manager5" />
	</bean>

	<bean id="applicationFor6" class="domain.ApplicationFor">
		<property name="moment" value="2017/10/21 03:10" />
		<property name="status" value="PENDING" />
		<property name="reasonWhy" value="" />
		<property name="comments">
			<list>
				<value>comment1 ApplicaciontFor5</value>
				<value>comment2 ApplicaciontFor5</value>
				<value>comment3 ApplicaciontFor5</value>
			</list>
		</property>
		<property name="creditCard" ref="creditCard6" />
		<property name="trip" ref="trip5" />
		<property name="explorer" ref="explorer6" />
		<property name="manager">
			<null />
		</property>
	</bean>

	<bean id="applicationFor7" class="domain.ApplicationFor">
		<property name="moment" value="2017/10/27 03:10" />
		<property name="status" value="DUE" />
		<property name="reasonWhy" value="" />
		<property name="comments">
			<list>
			</list>
		</property>
		<property name="creditCard" ref="creditCard5" />
		<property name="trip" ref="trip1" />
		<property name="explorer" ref="explorer5" />
		<property name="manager" ref="manager1" />
	</bean>

	<!-- CURRICULA -->

	<bean id="curricula1" class="domain.Curricula">
		<property name="ticker" value="171023-ABCD" />
		<property name="personalRecord" ref="personalRecord1" />

		<property name="educationRecords">
			<list>
				<ref bean="educationRecord1" />

			</list>
		</property>
		<property name="professionalRecords">
			<list>
				<ref bean="professionalRecord1" />
			</list>
		</property>
		<property name="endorserRecords">
			<list>
				<ref bean="endorserRecord1" />
			</list>
		</property>
		<property name="miscellaneousRecords">
			<list>
				<ref bean="miscellaneousRecord1" />
			</list>
		</property>
	</bean>

	<bean id="curricula2" class="domain.Curricula">
		<property name="ticker" value="171023-ABCE" />
		<property name="personalRecord" ref="personalRecord2" />

		<property name="educationRecords">
			<list>
				<ref bean="educationRecord2" />
			</list>
		</property>
		<property name="professionalRecords">
			<list>
				<ref bean="professionalRecord2" />
			</list>
		</property>
		<property name="endorserRecords">
			<list>
				<ref bean="endorserRecord2" />
			</list>
		</property>
		<property name="miscellaneousRecords">
			<list>
				<ref bean="miscellaneousRecord2" />
			</list>
		</property>
	</bean>

	<bean id="curricula3" class="domain.Curricula">
		<property name="ticker" value="171023-ABCF" />
		<property name="personalRecord" ref="personalRecord3" />

		<property name="educationRecords">
			<list>
				<ref bean="educationRecord3" />
			</list>
		</property>
		<property name="professionalRecords">
			<list>
				<ref bean="professionalRecord3" />
			</list>
		</property>
		<property name="endorserRecords">
			<list>
				<ref bean="endorserRecord3" />
			</list>
		</property>
		<property name="miscellaneousRecords">
			<list>
				<ref bean="miscellaneousRecord3" />
			</list>
		</property>
	</bean>

	<bean id="curricula4" class="domain.Curricula">
		<property name="ticker" value="171023-ABCG" />
		<property name="personalRecord" ref="personalRecord4" />

		<property name="educationRecords">
			<list>
				<ref bean="educationRecord4" />
			</list>
		</property>
		<property name="professionalRecords">
			<list>
				<ref bean="professionalRecord4" />
			</list>
		</property>
		<property name="endorserRecords">
			<list>
				<ref bean="endorserRecord4" />
			</list>
		</property>
		<property name="miscellaneousRecords">
			<list>

			</list>
		</property>
	</bean>

	<bean id="curricula5" class="domain.Curricula">
		<property name="ticker" value="171023-ABCH" />
		<property name="personalRecord" ref="personalRecord5" />

		<property name="educationRecords">
			<list>
				<ref bean="educationRecord5" />
			</list>
		</property>
		<property name="professionalRecords">
			<list>

			</list>
		</property>
		<property name="endorserRecords">
			<list>
				<ref bean="endorserRecord5" />
			</list>
		</property>
		<property name="miscellaneousRecords">
			<list>

			</list>
		</property>
	</bean>




	<!-- PERSONAL RECORD -->

	<bean id="personalRecord1" class="domain.PersonalRecord">
		<property name="fullName" value="personalRecord 1" />
		<property name="photo" value="https://www.example.com" />
		<property name="email" value="personalRecord1@gmail.com" />
		<property name="phone" value="+34(578)1234" />
		<property name="linkedProfile" value="https://www.example.com" />
	</bean>

	<bean id="personalRecord2" class="domain.PersonalRecord">
		<property name="fullName" value="personalRecord 2" />
		<property name="photo" value="https://www.example.com" />
		<property name="email" value="personalRecord2@gmail.com" />
		<property name="phone" value="+34(578)1235" />
		<property name="linkedProfile" value="https://www.example.com" />
	</bean>

	<bean id="personalRecord3" class="domain.PersonalRecord">
		<property name="fullName" value="personalRecord 3" />
		<property name="photo" value="https://www.example.com" />
		<property name="email" value="personalRecord3@gmail.com" />
		<property name="phone" value="+34(578)1236" />
		<property name="linkedProfile" value="https://www.example.com" />
	</bean>

	<bean id="personalRecord4" class="domain.PersonalRecord">
		<property name="fullName" value="personalRecord 4" />
		<property name="photo" value="https://www.example.com" />
		<property name="email" value="personalRecord4@gmail.com" />
		<property name="phone" value="+34(578)1237" />
		<property name="linkedProfile" value="https://www.example.com" />
	</bean>

	<bean id="personalRecord5" class="domain.PersonalRecord">
		<property name="fullName" value="personalRecord 5" />
		<property name="photo" value="https://www.example.com" />
		<property name="email" value="personalRecord5@gmail.com" />
		<property name="phone" value="+34(578)1237" />
		<property name="linkedProfile" value="https://www.example.com" />
	</bean>

	<!-- EDUCATION RECORD -->

	<bean id="educationRecord1" class="domain.EducationRecord">
		<property name="diplomaTitle" value="educationRecord 1" />
		<property name="studyingPeriod" value="2017/2018" />
		<property name="institution" value="institution 1" />
		<property name="link" value="https://www.example.com" />
		<property name="comments">
			<list>

			</list>
		</property>
	</bean>

	<bean id="educationRecord2" class="domain.EducationRecord">
		<property name="diplomaTitle" value="educationRecord 2" />
		<property name="studyingPeriod" value="2014/2017" />
		<property name="institution" value="institution 2" />
		<property name="link" value="https://www.example.com" />
		<property name="comments">
			<list>
				<value>hola1</value>
				<value>hola2</value>
				<value>hola3</value>
			</list>
		</property>
	</bean>

	<bean id="educationRecord3" class="domain.EducationRecord">
		<property name="diplomaTitle" value="educationRecord 3" />
		<property name="studyingPeriod" value="2015/2017" />
		<property name="institution" value="institution 3" />
		<property name="link" value="https://www.example.com" />
		<property name="comments">
			<list>
				<value>hola1</value>
			</list>
		</property>
	</bean>

	<bean id="educationRecord4" class="domain.EducationRecord">
		<property name="diplomaTitle" value="educationRecord 4" />
		<property name="studyingPeriod" value="2014/2015" />
		<property name="institution" value="institution 4" />
		<property name="link" value="https://www.example.com" />
		<property name="comments">
			<list>
				<value>hola1</value>
				<value>hola3</value>
			</list>
		</property>
	</bean>

	<bean id="educationRecord5" class="domain.EducationRecord">
		<property name="diplomaTitle" value="educationRecord 5" />
		<property name="studyingPeriod" value="2012/2015" />
		<property name="institution" value="institution 5" />
		<property name="link" value="https://www.example.com" />
		<property name="comments">
			<list>

			</list>
		</property>
	</bean>

	<!-- PROFESSIONAL RECORD -->

	<bean id="professionalRecord1" class="domain.ProfessionalRecord">
		<property name="companyName" value="professionalRecord 1" />
		<property name="workPeriod" value="2014/2017" />
		<property name="role" value="rol 1" />
		<property name="link" value="https://www.example.com" />
		<property name="comments">
			<list>
				<value>hola1</value>
				<value>hola2</value>
				<value>hola3</value>
				<value>hola4</value>
				<value>hola5</value>
			</list>
		</property>
	</bean>

	<bean id="professionalRecord2" class="domain.ProfessionalRecord">
		<property name="companyName" value="professionalRecord 2" />
		<property name="workPeriod" value="2014/2015" />
		<property name="role" value="rol 2" />
		<property name="link" value="https://www.example.com" />
		<property name="comments">
			<list>
				<value>hola1</value>
				<value>hola2</value>
				<value>hola3</value>
				<value>hola4</value>
				<value>hola5</value>
			</list>
		</property>
	</bean>

	<bean id="professionalRecord3" class="domain.ProfessionalRecord">
		<property name="companyName" value="professionalRecord 3" />
		<property name="workPeriod" value="2015/2017" />
		<property name="role" value="rol 3" />
		<property name="link" value="https://www.example.com" />
		<property name="comments">
			<list>
				<value>hola1</value>
			</list>
		</property>
	</bean>

	<bean id="professionalRecord4" class="domain.ProfessionalRecord">
		<property name="companyName" value="professionalRecord 4" />
		<property name="workPeriod" value="2012/2015" />
		<property name="role" value="rol 4" />
		<property name="link" value="https://www.example.com" />
		<property name="comments">
			<list>

			</list>
		</property>
	</bean>

	<bean id="professionalRecord5" class="domain.ProfessionalRecord">
		<property name="companyName" value="professionalRecord 5" />
		<property name="workPeriod" value="2010/2017" />
		<property name="role" value="rol 5" />
		<property name="link" value="https://www.example.com" />
		<property name="comments">
			<list>
				<value>hola1</value>
				<value>hola2</value>
				<value>hola5</value>
			</list>
		</property>
	</bean>

	<!-- ENDORSER RECORD -->

	<bean id="endorserRecord1" class="domain.EndorserRecord">
		<property name="fullName" value="endorserRecord 1" />
		<property name="email" value="endorserRecord1@gmail.com" />
		<property name="linkedProfile" value="https://endorsserRecord.com" />
		<property name="comments">
			<list>
				<value>hola4</value>
				<value>hola5</value>
			</list>
		</property>
		<property name="phone" value="+45(674)1234" />
	</bean>

	<bean id="endorserRecord2" class="domain.EndorserRecord">
		<property name="fullName" value="endorserRecord 2" />
		<property name="email" value="endorserRecord2@gmail.com" />
		<property name="linkedProfile" value="https://endorsserRecord.com" />
		<property name="comments">
			<list>
				<value>hola1</value>
				<value>hola2</value>
				<value>hola3</value>
				<value>hola4</value>
				<value>hola5</value>
			</list>
		</property>
		<property name="phone" value="+40(674)1234" />
	</bean>

	<bean id="endorserRecord3" class="domain.EndorserRecord">
		<property name="fullName" value="endorserRecord 3" />
		<property name="email" value="endorserRecord3@gmail.com" />
		<property name="linkedProfile" value="https://endorsserRecord.com" />
		<property name="comments">
			<list>
				<value>hola1</value>
				<value>hola2</value>
				<value>hola3</value>
				<value>hola4</value>
				<value>hola5</value>
			</list>
		</property>
		<property name="phone" value="+45(604)1634" />
	</bean>

	<bean id="endorserRecord4" class="domain.EndorserRecord">
		<property name="fullName" value="endorserRecord 4" />
		<property name="email" value="endorserRecord4@gmail.com" />
		<property name="linkedProfile" value="https://endorsserRecord.com" />
		<property name="comments">
			<list>
				<value>hola1</value>
				<value>hola2</value>
			</list>
		</property>
		<property name="phone" value="+34(674)1454" />
	</bean>


	<bean id="endorserRecord5" class="domain.EndorserRecord">
		<property name="fullName" value="endorserRecord 5" />
		<property name="email" value="endorserRecord5@gmail.com" />
		<property name="linkedProfile" value="https://endorsserRecord.com" />
		<property name="comments">
			<list>

			</list>
		</property>
		<property name="phone" value="+05(600)1234" />
	</bean>

	<!-- MISCELLANEOUS RECORD -->

	<bean id="miscellaneousRecord1" class="domain.MiscellaneousRecord">
		<property name="title" value="miscellaneousRecord 1" />
		<property name="link" value="https://miscellaneousRecord.com" />
		<property name="comments">
			<list>

			</list>
		</property>
	</bean>

	<bean id="miscellaneousRecord2" class="domain.MiscellaneousRecord">
		<property name="title" value="miscellaneousRecord 2" />
		<property name="link" value="https://miscellaneousRecord.com" />
		<property name="comments">
			<list>
				<value>hola1</value>
				<value>hola2</value>
				<value>hola3</value>
				<value>hola4</value>
				<value>hola5</value>
			</list>
		</property>
	</bean>

	<bean id="miscellaneousRecord3" class="domain.MiscellaneousRecord">
		<property name="title" value="miscellaneousRecord 3" />
		<property name="link" value="https://miscellaneousRecord.com" />
		<property name="comments">
			<list>

			</list>
		</property>
	</bean>

	<bean id="miscellaneousRecord4" class="domain.MiscellaneousRecord">
		<property name="title" value="miscellaneousRecord 4" />
		<property name="link" value="https://miscellaneousRecord.com" />
		<property name="comments">
			<list>

			</list>
		</property>
	</bean>

	<bean id="miscellaneousRecord5" class="domain.MiscellaneousRecord">
		<property name="title" value="miscellaneousRecord 5" />
		<property name="link" value="https://miscellaneousRecord.com" />
		<property name="comments">
			<list>
				<value>hola1</value>
				<value>hola2</value>
				<value>hola3</value>
				<value>hola4</value>
			</list>
		</property>
	</bean>
	<!-- Other domain beans come here -->

</beans>